"Pesticide Name","Code","2020","2019","2018","2017","2016","2015","2014","2013","2012","2011","2010","2009","2008","2007","2006","2005","2004","2003","2002","2001","2000","1999","1998","1997","1996","1995","1994"
"1,2,4-Triazole","A68",,,,,,,,,,,,,,2,2,1,3,4,,,,,,,,,
"1-Naphthol","382",8,11,10,11,10,9,10,10,10,13,19,14,19,12,18,15,11,4,,,3,8,11,8,9,7,13
"2,3,5-Trimethacarb","A72",5,2,,,,,,,,,,,,,,,,,,,,,,,,,
"2,4,5-T","312",,,,,3,5,7,3,3,3,3,2,4,2,2,2,2,1,1,1,,,,,,,
"2,4,5-TP","AJE",,,,,,,,3,3,1,1,,,,,,,,,,,,,,,,
"2,4-D","026",,1,1,1,3,5,7,3,3,3,3,5,7,3,3,3,2,1,1,,,,4,1,1,4,13
"2,4-DB","317",,1,,,3,5,7,3,3,3,3,3,5,3,3,3,2,1,,,,,,1,1,,
"2,4-dimethyl aniline (2,4 DMA)","AGQ",,,,,,,,,,,,,1,1,,,,,,,,,,,,,
"2,4-dimethylphenyl formamide (2,4-DMPF)","AGR",,4,4,5,4,,,,2,2,1,3,2,1,,,,,,,,,,,,,
"2,6-dichlorobenzamide","272",,,,1,,,,,,,,,,,,,,,,,,,,,,,
"2,6-DIPN","AFZ",5,5,4,4,3,,,,,,,,,,,1,,,,,,,,,,,
"3,5-Dichloroaniline","ABM",,,,,,,,,,,,,,,,,,1,1,,,,,,,,
"3-Hydroxycarbofuran","512",18,24,22,21,22,20,26,25,24,26,31,24,26,17,20,21,20,11,20,22,22,18,17,15,15,12,13
"3-ketocarbofuran","218",,,,,,,,,,,,,,,,,,,1,1,,,,,,,
"4,4-dibromobenzophenone","AGS",,,,,,,,,,,,,1,1,,,,,,,,,,,,,
"4-Hydroxychlorothalonil","ANM",,,,1,,,,,,,,,,,,,,,,,,,,,,,
"4-Hydroxydiphenylamine","B19",,,,,,,,,,,,,,,,,,,,,,,,12,14,1,
"5-Hydroxythiabendazole","B28",7,8,8,4,4,5,8,7,6,9,9,14,16,5,7,4,5,1,,,,,,1,1,,
"Abamectin","948",10,11,11,10,8,9,10,9,8,9,1,,,,,,,,,,,1,,1,1,1,2
"Acephate","204",18,24,22,20,22,20,25,21,19,23,24,19,24,19,21,21,16,14,18,23,22,17,17,13,14,11,13
"Acequinocyl","AKS",1,,,,,4,4,1,,,,,,,,,,,,,,,,,,,
"Acetamiprid","B80",19,24,22,21,22,20,26,25,22,23,29,22,23,14,10,5,3,,,,,,,,,,
"Acetochlor","807",15,18,17,17,11,10,15,8,4,4,7,7,9,5,4,5,4,2,1,1,,1,1,,,,
"Acetochlor ethanesulfonic acid (ESA)","ABN",,,,1,,,,3,3,3,3,3,3,3,3,3,2,1,1,1,,,,,,,
"Acetochlor oxanilic acid (OA)","ABO",,,,,,,,3,3,3,3,3,3,3,3,3,2,1,1,1,,,,,,,
"Acibenzolar S methyl","B51",15,20,17,16,13,11,11,9,9,12,10,5,6,5,4,3,4,1,,,,,,,,,
"Acifluorfen","727",,,,3,4,5,7,,,,,,,2,2,2,2,1,,,,,,,,,
"Aclonifen","D58",5,6,5,2,,,,,,,,,,,,,,,,,,,,,,,
"Acrinathrin","A03",,,,1,,2,4,3,1,,,,,,,,,,,,,,,,,,
"Afidopyropen ","F87",7,3,,,,,,,,,,,,,,,,,,,,,,,,,
"Alachlor","227",11,15,14,11,12,10,14,13,7,9,8,8,8,6,7,10,7,5,5,2,1,1,2,1,,,
"Alachlor ethanesulfonic acid (ESA)","ABP",,,,1,,,,3,3,3,3,3,3,3,3,3,2,1,1,1,,,,,,,
"Alachlor oxanilic acid (OA)","ABQ",,,,,,,,3,3,3,3,3,3,3,3,3,2,1,1,1,,,,,,,
"Aldicarb","167",17,21,19,16,15,14,18,17,15,20,22,20,24,13,18,20,17,10,19,20,22,17,17,15,15,11,13
"Aldicarb sulfone","168",16,22,18,18,18,17,21,22,19,19,24,19,20,10,16,18,15,9,20,21,22,17,17,15,15,11,13
"Aldicarb sulfoxide","169",14,18,15,15,16,17,21,22,19,19,23,18,19,9,15,20,17,10,20,22,22,17,16,13,14,11,13
"Aldrin","001",19,24,21,19,22,20,26,24,23,24,29,25,28,21,23,20,18,11,3,1,7,8,15,12,,,
"Allethrin","002",5,5,5,9,12,13,16,18,19,20,22,21,20,10,13,12,11,12,4,2,2,1,,,,,12
"Allidochlor","768",5,2,,,,,,,,,,,,,,,,,,,3,4,,,,,
"Ametoctradin","AKC",13,18,14,12,11,9,10,7,1,,,,,,,,,,,,,,,,,,
"Ametryn","156",12,15,12,10,8,8,9,9,9,10,12,14,9,5,6,3,3,2,12,14,13,1,1,,,,
"Amicarbazone","AGK",5,6,6,4,4,,,,1,,,,3,3,,,,,,,,,,,,,
"Aminocarb","869",5,2,,,,,,,,,,,,,,,,,,,,,,,,,
"Aminomethylphosphonic acid (AMPA)","957",,,,,,,,,,1,,,,,,,,,,,,,,,,,
"Aminopyralid","AGO",,,,,,,,3,3,1,,,,,,,,,,,,,,,,,
"Amitraz","233",,,,,,,,,,,1,1,1,1,,2,1,,1,1,,4,,,,,
"Anilazine","033",,,,,,,,,,,,,,,1,2,2,4,2,2,6,13,6,4,4,5,13
"Anilofos","D62",5,6,5,2,,,,,,,,,,,,,,,,,,,,,,,
"Aspon","816",2,3,2,1,,,,,,,,,,,,,,,,,,,,,,,
"Asulam","ANG",5,6,6,4,4,,,,,,,,,,,,,,,,,,,,,,
"Atraton","D64",5,6,5,2,,,,,,,,,,,,,,,,,,,,,,,
"Atrazine","305",17,22,20,19,16,14,18,20,16,21,20,11,12,10,15,20,18,14,17,20,21,15,16,14,15,12,13
"Aviglycine hydrochloride","AKT",1,,,,,,,,,,,,,,,,,,,,,,,,,,
"Azaconazole","D65",5,2,,,,,,,,,,,,,,,,,,,,,,,,,
"Azadirachtin A","AHB",,,,,,,,,,,,1,,,,,,,,,,,,,,,
"Azadirachtin B","AHC",,,,,,,,,,,,1,,,,,,,,,,,,,,,
"Azamethiphos","D66",5,2,,,,,,,,,,,,,,,,,,,,,,,,,
"Azimsulfuron","AOD",4,1,,,,,,,,,,,,,,,,,,,,,,,,,
"Azinphos ethyl","547",5,6,5,4,4,5,8,7,6,8,9,14,7,,1,,,,,1,11,15,15,12,13,11,13
"Azinphos methyl","042",19,24,22,21,22,19,25,24,24,26,29,25,28,19,19,18,18,15,21,25,22,19,18,15,15,12,13
"Azinphos methyl oxygen analog","769",16,16,15,14,17,15,20,19,19,19,23,19,9,2,2,,,,3,6,3,,,,,,
"Azoxystrobin","B48",18,24,22,21,20,19,26,25,25,24,28,21,27,21,21,12,7,2,,1,,,,,,,
"Barban","716",,,,,,,,,,,,,,,,,2,1,1,,,,,,,,
"Beflubutamid","D69",5,6,5,2,,,,,,,,,,,,,,,,,,,,,,,
"Benalaxyl","B45",5,6,5,4,4,5,3,,,,,,,,,,,,,,,,,,,,
"Benazolin","832",,,,3,4,5,7,,,,,,,,,,,,,,,,,,,,
"Bendiocarb","658",18,22,21,20,22,20,26,22,19,19,19,16,24,21,22,16,13,3,1,1,,,,,,,
"Benfluralin","191",9,10,8,8,7,8,12,13,6,5,6,5,3,2,3,3,3,1,1,1,1,,,,1,1,6
"Benomyl","192",,,,2,,,,,,,2,2,2,2,2,,,3,1,1,5,5,5,7,6,6,9
"Benoxacor","A05",17,23,21,18,18,15,24,19,17,21,22,18,23,12,7,3,1,,,,,,,,,,
"Bensulfuron methyl","ABR",5,6,2,,,,,3,3,3,3,3,3,3,3,3,2,1,1,,,,,,,,
"Bensulide","239",15,18,12,10,8,9,14,13,11,11,5,,,,,,,,,,,,,,,,
"Bensulide oxygen analog","740",10,13,10,8,7,7,9,7,6,4,2,,,,,,,,,,,,,,,,
"Bentazon","758",6,9,9,9,12,9,11,8,9,9,6,3,3,3,3,2,2,1,1,1,,,,,,,
"Benthiavalicarb isopropyl","AGP",8,8,5,2,4,3,5,3,4,3,2,2,2,,,,,,,,,,,,,,
"Benzobicyclon","F89",5,6,2,,,,,,,,,,,,,,,,,,,,,,,,
"Benzovindiflupyr","F53",9,8,2,,,,,,,,,,,,,,,,,,,,,,,,
"BHC (alpha + beta)","006",,,,,,,,,,,,1,,,,,,,,,,,,,,,
"BHC alpha","903",18,23,21,19,22,19,26,22,21,22,27,22,26,21,22,19,19,9,2,2,15,7,17,14,14,,
"BHC beta","904",13,17,14,15,14,14,18,16,13,11,8,6,4,2,1,2,5,4,1,2,15,7,17,14,14,,
"BHC delta","905",7,7,5,4,4,5,8,6,,,1,1,1,,,,,,,,11,6,16,14,14,,
"BHC epsilon","ALH",2,1,,,,4,8,6,,,,,,,,,,,,,,,,,,,
"Bifenazate","B82",11,10,11,10,9,9,9,6,8,10,11,17,19,9,7,9,6,1,,,,,,,,,
"Bifenox","728",5,6,5,4,4,5,8,6,,,1,1,1,,,,,,,,,,,,,,
"Bifenthrin","930",19,24,22,21,22,20,26,25,24,24,30,25,29,23,26,23,19,14,18,19,19,8,16,2,,,
"Bioallethrin","ANP",5,6,5,2,,,,,,,,,,,,,,,,,,,,,,,
"Biphenyl","007",3,2,3,2,2,1,,,,,,,,,,,,,,,,,,,,,
"Bitertanol","850",8,10,7,8,7,9,10,9,3,2,3,3,5,4,4,1,,,,,,,,,,,
"Boscalid","B75",19,24,22,21,22,20,25,22,23,23,28,23,28,22,19,10,5,,,,,,,,,,
"Bromacil","153",13,15,14,13,13,11,15,15,13,14,16,17,9,3,6,6,5,2,13,15,13,,,,,,
"Bromobutide","D79",5,2,,,,,,,,,,,,,,,,,,,,,,,,,
"Bromophos ethyl","602",5,6,5,2,,,,,,,,,,,,,,,,,,,,,,,
"Bromopropylate","523",7,9,7,9,6,8,11,10,1,,,,,,,,,,,,,,,,,,
"Bromoxynil","729",,,,3,4,,,,,2,3,2,2,2,2,2,2,1,1,1,,,,,,,
"Bromuconazole","B20",5,6,5,5,4,5,8,6,,,1,1,2,2,,,,1,,,,,,,,,
"Bromuconazole 46 (trans)","ADU",,,,,,,,3,3,1,2,2,2,2,3,1,3,5,,,,,,,,,
"Bromuconazole 47 (cis)","ADV",,,,,,,,3,3,1,2,2,2,2,3,1,3,4,,,,,,,,,
"Bupirimate","872",10,11,10,9,10,13,17,14,2,,,,,,,,,,,,,,,,,,
"Buprofezin","B52",19,24,22,21,21,19,23,20,19,21,24,19,22,14,16,16,9,7,3,2,,,,,,,
"Butachlor","806",5,6,5,2,,,,3,3,3,3,2,2,2,2,2,2,1,1,1,,,,,,,
"Butocarboxim","857",5,4,3,5,6,6,8,7,1,,,,,,,,,,,,,,,,,,
"Butocarboxim sulfone","AKN",3,2,3,2,4,3,5,3,,,,,,,,,,,,,,,,,,,
"Butocarboxim sulfoxide","AKO",3,2,3,2,4,3,6,4,,,,,,,,,,,,,,,,,,,
"Butralin","960",5,2,,,,,,,,,1,1,1,,,,,,,,,,,,,,
"Butylate","783",8,8,7,4,4,5,3,3,3,1,3,3,5,2,2,4,5,4,5,1,,,,,,,
"Cadusafos","953",6,7,5,4,4,5,8,6,,,,,,1,1,,,1,4,1,,,,,,,
"Captafol","174",,,,,,,,,,,,,,1,2,7,8,8,13,15,16,7,3,,,,
"Captan","011",4,4,2,6,4,6,6,7,6,3,5,8,23,18,17,17,16,14,20,21,20,15,16,13,14,11,13
"Carbaryl","102",19,24,22,21,22,20,26,25,23,26,30,26,30,24,28,26,23,18,22,23,22,18,17,15,15,12,13
"Carbendazim (MBC)","666",18,24,20,19,18,18,25,23,20,16,13,12,18,14,13,10,9,1,,,,,,1,1,,
"Carbofuran","180",19,24,22,21,22,20,26,25,24,27,31,25,27,18,21,22,20,11,20,22,22,18,17,15,15,12,13
"Carbophenothion","202",5,8,9,8,8,8,12,9,7,13,16,21,15,6,6,5,6,3,8,9,5,8,17,13,14,,
"Carbophenothion methyl","AGZ",,,,,,4,8,6,5,8,9,14,4,,,,,,,,,,,,,,
"Carboxin","210",11,14,13,7,7,5,10,7,6,10,11,14,7,3,4,8,7,8,6,2,1,,,,,,
"Carfentrazone ethyl","B21",19,24,22,21,21,20,26,22,21,21,26,22,27,21,17,8,4,3,,,,,,,,,
"Carpropamid","D84",5,2,,,,,,,,,,,,,,,,,,,,,,,,,
"Chloramben","952",,,,,,,,,,2,3,2,2,2,2,2,2,1,1,,,,,,,,
"Chlorantraniliprole","AGW",19,24,22,21,20,18,23,24,21,20,13,4,2,,,,,,,,,,,,,,
"Chlorbromuron","700",5,2,,,,,,,,,,,,,,,,,,,,,,,,,
"Chlordane cis","173",19,24,20,19,20,17,22,23,23,24,27,24,26,19,23,19,19,13,8,9,16,7,16,13,14,,
"Chlordane trans","172",19,24,20,19,20,17,22,23,23,24,27,24,26,19,23,19,19,12,7,8,16,7,16,13,14,,
"Chlordanes Total","014",,,,,2,3,2,2,,,,,,,,,,,,,1,7,1,,,,
"Chlordimeform","278",5,6,5,2,,,,,,,,,,,,,,,,,,,,,,,
"Chlorethoxyfos","A15",6,9,8,6,6,5,8,7,6,8,11,15,8,,1,2,4,3,3,1,,,,,,,
"Chlorfenapyr","B13",19,24,22,21,22,20,25,19,18,19,21,14,10,3,1,3,1,1,,,,,,,,,
"Chlorfenvinphos alpha","616",,,,,,,,,,,,,,,,,,,3,4,4,7,17,13,14,,
"Chlorfenvinphos beta","617",,,,,,,,,,,,,,,,,2,2,5,5,4,8,17,13,14,,
"Chlorfenvinphos total","AAK",10,14,11,10,8,8,12,13,11,14,15,20,15,7,6,5,6,2,1,1,,,,,,,
"Chlorfluazuron","ALC",5,2,,,,,,,,,,,,,,,,,,,,,,,,,
"Chlorimuron ethyl","717",6,9,8,6,6,5,7,3,3,4,3,3,3,3,3,4,3,1,,,,,,,,,
"Chlorobenzilate","015",5,6,5,4,4,5,8,6,,,1,1,1,,,,,,,,,,,,,,
"Chloroneb","196",5,6,5,4,4,5,8,6,,,,,,1,2,2,,,,,,,,,,,
"Chlorothalonil","164",9,7,6,10,5,9,9,11,12,7,9,14,24,20,18,18,15,13,14,16,17,14,15,13,14,11,13
"Chlorotoluron","862",5,2,,,,,,,,,,,,,,,,,,,,,,,,,
"Chloroxuron","668",5,2,,,,,,,,,1,1,1,,,,,,,,,,,,,,
"Chlorpropham","114",17,22,20,19,19,17,23,20,15,16,20,19,22,12,12,16,16,12,17,20,21,15,16,13,14,11,13
"Chlorpyrifos","160",19,24,22,21,22,20,26,25,24,27,31,26,30,24,28,26,23,19,22,25,23,18,18,15,15,12,13
"Chlorpyrifos methyl","235",5,6,6,3,1,,1,,,3,6,6,5,4,5,10,7,4,6,8,4,9,17,14,15,1,
"Chlorpyrifos methyl O-analog","AAZ",5,6,2,,,,,,,,1,1,1,1,,2,1,1,3,5,2,,,,,,
"Chlorpyrifos oxygen analog","772",19,24,22,20,22,19,22,22,19,17,21,17,17,3,2,2,2,1,1,1,,,,,,,
"Chlorsulfuron","718",5,6,5,4,4,,,3,4,1,,,,,,,,,,,,,,,,,
"Chlorthiophos","545",5,6,5,2,,,,,,,,,,,,,,,,,,,,,,,
"Chlozolinate","AJS",,,,,,,,5,,,,,,,,,,,,,,,,,,,
"Clethodim","AER",12,18,16,13,11,10,12,12,10,13,6,5,2,1,,1,,,,,,,,,,,
"Clethodim 5-OH sulfone","AJM",3,1,,,,,,,2,1,,,,,,,,,,,,,,,,,
"Clethodim sulfone","AJN",3,1,,,,,,5,3,2,,,,,,,,,,,,,,,,,
"Clethodim sulfoxide","AJO",3,1,,,,,,5,5,4,,,,,,,,,,,,,,,,,
"Clodinafop propargyl","B38",5,6,2,,,,,,,,,,,,1,1,1,,,,,,,,,,
"Clofencet","AET",,,,,,,,,1,1,,,,,,1,1,,,,,,,,,,
"Clofentezine","699",9,8,8,5,6,7,9,8,7,8,11,18,15,8,8,7,2,2,,,,,,,,,
"Clomazone","719",17,23,20,19,19,17,22,23,20,19,21,19,21,8,11,14,16,10,8,3,1,,,,,,
"Clopyralid","B46",,,1,2,3,5,7,3,3,1,4,5,7,4,3,3,2,1,1,1,,,,,,,
"Cloquintocet-mexyl","B39",5,6,2,,,,,,1,,,,,,,,,,,,,,,,,,
"Cloransulam methyl","ALP",5,6,5,4,4,5,7,,,,,,,,,,,,,,,,,,,,
"Clothianidin","AEP",19,24,22,21,22,20,26,25,22,21,24,20,23,17,11,2,1,,,,,,,,,,
"Coumaphos","124",14,18,15,16,13,14,17,17,14,15,17,21,17,8,4,8,6,3,8,11,7,8,17,13,,,
"Coumaphos oxygen analog","614",12,15,13,13,11,6,8,8,6,6,7,6,11,5,2,6,6,4,8,11,7,8,17,13,,,
"Crotoxyphos","267",5,6,5,4,4,5,8,7,6,8,9,14,7,,,,,,,,,,,,,,
"Crufomate","667",5,6,5,4,4,5,8,7,6,4,9,14,7,,,,,,,,,,,,,,
"Cumyluron","ANJ",2,3,2,3,,,,,,,,,,,,,,,,,,,,,,,
"Cyanazine","228",5,6,2,,,,,3,3,3,3,3,4,4,4,4,3,3,5,2,,1,1,,,,
"Cyantraniliprole","AMB",12,16,16,14,11,8,4,,,,,,,,,,,,,,,,,,,,
"Cyazofamid","AGA",11,16,15,14,15,12,14,10,10,10,3,3,3,1,1,,,,,,,,,,,,
"Cyclanilide","A81",,,1,3,4,,,,,,,,,,,,,,,,,,,,,,
"Cyclaniliprole","F40",6,3,,,,,,,,,,,,,,,,,,,,,,,,,
"Cycloate","232",,,,,,,,3,3,5,5,2,6,6,7,7,5,4,2,,,,,,,,
"Cyflufenamid","AKU",12,13,9,8,4,5,3,,,,,,,,,,,,,,,,,,,,
"Cyflumetofen","AMC",10,11,10,7,6,5,3,,,,,,,,,,,,,,,,,,,,
"Cyfluthrin","781",19,24,22,21,22,20,26,25,24,25,29,24,29,23,27,25,21,17,20,20,19,6,16,13,14,,
"Cyhalofop butyl","B59",,,,,,,,,,,,1,1,,,,,,,,,,,,,,
"Cyhalothrin, Lambda","AEM",,,3,3,3,3,4,5,4,8,10,16,22,18,23,18,18,15,15,,,,,,,,
"Cyhalothrin, Lambda epimer R157836","AEN",,,,,,,,,,5,9,16,21,17,19,17,1,,3,,,,,,,,
"Cyhalothrin, Total (Cyhalothrin-L + R157836 epimer)","AEL",19,24,19,18,19,17,22,23,23,20,24,22,25,17,19,18,13,7,10,,,,,,,,
"Cymiazole","ANL",,,,1,,,,,,,,,,,,,,,,,,,,,,,
"Cymoxanil","877",16,22,17,17,18,15,19,15,13,13,5,1,3,1,,,,,,,1,,,,,,
"Cypermethrin","597",19,24,22,21,22,20,26,25,25,25,29,24,29,22,24,22,20,17,17,18,9,9,15,13,14,11,12
"Cyphenothrin","ADH",17,20,19,16,17,15,18,19,18,19,24,22,18,4,2,,,1,,,,,,,,,
"Cyprazine","670",5,2,,,,,,,,,,,,,,,,,,,,,,,,,
"Cyproconazole","A22",12,12,11,10,11,12,15,14,5,2,2,2,3,3,3,4,4,6,,,,,,,,,
"Cyprodinil","B22",17,23,20,18,18,17,19,18,18,16,16,17,22,15,11,8,5,3,3,1,1,,,,,,
"Cyprosulfamide","AMD",8,10,9,6,6,5,3,,,,,,,,,,,,,,,,,,,,
"Cyromazine","255",9,10,10,8,11,8,9,9,8,10,6,2,5,4,4,3,4,2,3,1,,,,,,,
"Daimuron","D06",5,2,,,,,,,,,,,,,,,,,,,,,,,,,
"Dalapon","021",,,,,,,,,,,,,,,,,,1,,,,,,1,1,,
"DCPA","134",17,23,21,21,20,18,22,22,20,22,25,21,25,14,18,17,19,15,17,18,19,15,16,13,14,11,13
"DCPA monoacid","ABV",,,,,,,,,,2,3,2,2,2,2,2,2,1,1,1,,,,,,,
"DDD (TDE)","087",,,,,,,,,,,,,,,,,,,,,,,,14,14,11,13
"DDD o,p'","909",12,15,12,12,12,12,18,11,3,6,8,10,8,6,6,5,6,3,5,5,4,6,16,,,,
"DDD p,p'","908",14,19,17,16,19,18,24,20,21,25,30,24,28,22,24,20,19,14,16,19,21,16,17,,,,
"DDE","300",,,,,,,,,,,,,,,,,,,,,,,,13,14,11,13
"DDE o,p'","911",10,11,10,10,10,10,16,10,,,1,3,1,2,2,2,2,1,1,,3,6,16,,,,
"DDE p,p'","910",18,23,22,21,22,20,26,22,21,25,27,24,28,23,27,23,23,20,22,22,22,16,17,,,,
"DDT","022",,,,,,,,,,,,,,,,,,,,,,,,14,14,11,13
"DDT o,p'","907",9,10,10,10,11,11,16,11,3,6,7,6,7,6,6,5,6,3,7,7,6,10,16,,,,
"DDT p,p'","906",16,17,16,17,19,19,25,17,14,16,22,23,28,21,24,19,17,13,16,19,21,16,17,,,,
"DEET (N,N-diethyl-m-toluamide)","E78",,,,1,,,,,,,,,,,,,,,,,,,,,,,
"DEF (Tribufos)","217",5,6,6,5,4,7,12,9,6,8,9,16,8,2,2,4,3,2,7,8,4,7,16,13,,,
"Deltamethrin  (includes parent Tralomethrin)","612",19,24,22,21,22,19,24,24,25,24,28,23,27,22,25,22,17,13,8,6,1,,,,,,
"Demeton","023",,,,,,,,,,,,,,,,,,,,,,2,5,4,,5,12
"Demeton-O","708",5,6,5,4,4,5,8,6,5,8,8,14,7,,,,,,,,,,,,,,
"Demeton-S","558",5,6,5,4,4,5,8,7,6,8,9,14,7,,,,,,,,,2,5,5,5,6,12
"Demeton-S methyl","654",5,2,,,,,,,,,,,,,,,,,,,,,,,,,
"Demeton-S sulfone","226",5,6,5,4,4,5,8,9,9,7,2,,,,,,,2,3,3,4,8,17,13,14,11,
"Demeton-S sulfoxide","A24",3,,,,,,,,,,,,,,,,,,,,,,,,,,
"Desethyl atrazine","964",5,6,5,5,,,,3,3,3,3,3,3,3,3,3,2,1,1,1,,,,,,,
"Desethyl-desisopropyl atrazine","784",,,,1,,,,3,3,1,1,1,1,1,1,1,,,,,,,,,,,
"Desisopropyl atrazine","785",,,,2,,,,3,3,3,3,3,3,3,3,3,2,1,1,1,,,,,,,
"Desmedipham","786",6,8,5,2,2,1,,,,4,2,12,3,,,,,2,3,3,1,,,,,,
"Desmetryn","A88",5,6,5,2,,,,,,,,,,,,,,,,,,,,,,,
"Dialifos","244",5,6,5,4,4,5,8,6,5,4,,,,,,,,,,,,,,,,,
"Diazinon","024",19,24,21,21,21,19,21,25,23,24,28,24,29,23,22,19,20,18,22,25,23,18,18,15,15,12,13
"Diazinon oxygen analog","395",15,20,18,16,18,16,21,21,20,21,26,20,26,21,23,19,21,16,22,25,23,7,,1,,,
"Dibromochloropropane (DBCP)","215",,,,,,,,3,3,,,,,,,,,,,,,,,,,,
"Dicamba","155",,,1,,3,5,7,3,3,1,3,4,5,2,2,2,2,1,,,,,1,1,1,,13
"Dichlobenil","324",18,22,19,18,20,18,21,20,16,16,19,19,24,17,17,12,11,5,8,6,2,,,,,,
"Dichlofenthion","664",5,6,5,2,,,,,,,,,,,,,,,,,,,,,,,
"Dichlofluanid","588",,,,,2,2,5,3,,,,,,,,,,,,,,,,,,,
"Dichlormid","A43",9,11,10,6,6,5,3,,,,,,,,,,,,,,,,,,,,
"Dichlorobenzophenone o,p'","707",3,,,,,,,,,,,,,,,,,,,,,,,,,,
"Dichlorobenzophenone p,p'","507",3,,,,,,,,,,,,,,,,,,,,,,,,,11,13
"Dichlorprop","A25",,,,3,4,5,7,3,3,3,3,4,6,2,2,2,2,1,1,1,,,,,,,
"Dichlorvos (DDVP)","338",19,24,21,19,20,18,23,21,22,24,29,22,25,20,23,22,19,17,21,25,23,19,17,14,15,12,13
"Diclobutrazol","879",5,2,,,,,,,,,,,,,,,,,,,,,,,,,
"Diclofop methyl","299",9,10,5,4,3,3,4,2,,,1,1,1,,1,1,1,2,1,,,,1,2,1,1,
"Dicloran","144",17,22,20,19,20,18,24,21,18,20,24,20,26,19,20,16,19,16,17,19,20,15,16,13,14,11,13
"Diclosulam","ALU",5,6,5,4,4,6,7,,,,,,,,,,,,,,,,,,,,
"Dicofol o,p'","253",3,2,3,6,12,10,15,10,7,6,6,6,7,5,5,4,5,2,4,6,4,10,16,,,,
"Dicofol p,p'","254",12,16,15,17,17,13,20,19,18,20,23,23,24,16,19,19,19,15,20,23,21,15,16,,14,,
"Dicofol Total","047",1,5,5,2,3,3,3,3,1,,,,,,,,,,,,,,,13,,11,13
"Dicrotophos","209",8,11,9,8,8,8,12,13,11,9,6,4,6,2,2,2,2,1,1,1,,,,,,,
"Dieldrin","028",19,24,22,20,22,20,26,22,20,23,28,25,29,22,24,23,23,20,22,21,22,16,17,14,14,5,12
"Diethofencarb","B62",5,6,5,4,4,5,8,6,,,,,,,,,,,,,,,,,,,
"Difenoconazole","B58",19,24,21,20,22,19,25,23,20,19,20,19,22,7,9,9,7,9,4,4,1,,,,,,
"Difenzoquat","AKM",,,,,,,,,1,,,,,,,,,,,,,,,,,,
"Diflubenzuron","651",15,18,18,17,18,15,23,17,13,16,20,20,20,9,10,9,8,4,2,1,,,,,,,
"Diflufenzopyr","AFY",,1,4,3,3,3,2,,,,2,2,2,,,1,,,,,,,,,,,
"Dimepiperate","E13",5,6,5,2,,,,,,,,,,,,,,,,,,,,,,,
"Dimethenamid","ADD",17,22,19,18,16,14,19,15,12,15,14,14,12,6,6,3,6,3,1,1,,,,,,,
"Dimethenamid ethanesulfonic acid (ESA)","AFB",,,,,,,,3,3,1,1,1,1,3,3,3,,,,,,,,,,,
"Dimethenamid oxanilic acid (OA)","AEY",,,,,,,,3,3,1,3,3,3,3,3,3,,,,,,,,,,,
"Dimethenamid/Dimethenamid P","AEB",,,,,,,,3,3,1,2,2,2,2,2,3,2,1,,,,,,,,,
"Dimethipin","787",5,6,2,,,,,,,,,,,,,,,,,,,,,,,,
"Dimethoate","171",17,23,22,21,22,19,22,24,22,23,27,23,26,21,21,23,21,16,21,25,22,18,18,15,15,12,13
"Dimethomorph","B77",17,23,21,21,18,16,18,18,15,17,22,20,25,13,13,10,10,8,15,15,2,,,,,,
"Dimethylvinphos","AOE",5,2,,,,,,,,,,,,,,,,,,,,,,,,,
"Dimetilan","E16",5,2,,,,,,,,,,,,,,,,,,,,,,,,,
"Dimoxystrobin","C65",5,2,,,,,,,,,,,,,,,,,,,,,,,,,
"Diniconazole","AFN",5,6,5,4,4,5,8,6,,,,,,,,,,,,,,,,,,,
"Dinitramine","775",,,,,,,,,,,1,1,1,,,,,,,,,,,,,,
"Dinocap","315",,,,,,,,,,,,,,,,,,,,,,2,4,,,,
"Dinoseb","031",,,,,,,,3,3,3,3,2,2,2,2,2,2,1,1,,,,,,,,
"Dinotefuran","AFO",19,24,22,21,22,19,22,20,19,21,24,19,22,11,10,1,,,,,,,,,,,
"Dioxacarb","656",5,6,5,4,4,5,4,1,,,,,,,,,,,,,,,,,,,
"Dioxathion","103",5,6,5,4,4,5,8,7,6,4,,,,,,,,,,,,,,,,,
"Diphenamid","330",10,14,11,12,10,6,7,7,6,8,11,9,10,8,11,13,17,15,18,18,8,13,14,,,,
"Diphenylamine (DPA)","125",17,19,17,16,18,18,21,18,16,17,22,20,21,11,11,14,16,12,17,16,19,14,15,13,14,11,13
"Dipropetryn","735",5,6,5,2,,,,,,,,,,,,,,,,,,,,,,,
"Disulfoton","117",10,11,13,12,13,13,17,19,18,23,25,19,20,10,13,14,18,15,18,19,21,18,18,15,15,12,13
"Disulfoton oxygen analog","AHN",12,15,15,14,14,12,17,12,7,8,8,3,,,,,,,,,,,,,,,
"Disulfoton sulfone","216",16,19,17,17,16,16,21,21,18,23,26,20,21,11,13,15,18,14,18,19,21,18,18,14,15,6,13
"Disulfoton sulfone oxygen analog","AHV",5,6,7,7,8,8,13,8,4,4,3,,,,,,,,,,,,,,,,
"Disulfoton sulfoxide","706",15,19,18,17,17,14,20,16,12,13,9,6,5,1,1,1,1,,,,,,,,,,12
"Disulfoton sulfoxide oxygen analog","AHW",3,2,4,6,8,8,13,8,5,6,4,,,,,,,,,,,,,,,,
"Ditalimfos","E22",5,4,4,2,,,,,,,,,,,,,,,,,,,,,,,
"Dithiopyr","E24",8,4,2,,,,,,,,,,,,,,,,,,,,,,,,
"Diuron","032",17,20,17,17,19,16,23,21,17,18,20,21,23,13,14,11,10,2,1,,2,5,16,13,14,11,12
"DMST (4-dimethylaminosulphotosluidide)","AJU",5,6,5,4,4,5,8,6,,,,,,,,,,,,,,,,,,,
"Dodine","104",7,7,5,4,5,9,12,10,7,4,,,,,,,,,,,,,,,,,
"Doramectin","AAA",,,,,,,,,,,1,,,,,,,,,,,,,1,,,
"Edifenphos","839",5,2,,,,,,,,,,,,,,,,,,,,,,,,,
"Emamectin","AJK",5,6,5,4,4,5,8,7,6,8,,,,,,,,,,,,,,,,,
"Emamectin benzoate","AGH",11,13,10,12,8,7,8,6,4,4,7,6,1,,,,,,,,,,,,,,
"Endosulfan I","900",18,23,21,20,21,19,24,21,18,24,31,25,29,23,23,23,22,20,21,21,20,16,16,14,15,,
"Endosulfan II","901",18,23,21,20,21,19,24,21,18,24,31,24,29,23,23,23,22,20,21,21,20,16,16,14,15,,
"Endosulfan sulfate","902",18,21,20,20,21,19,24,21,18,24,30,23,29,23,23,23,22,20,21,21,20,16,16,14,15,,
"Endosulfans Total","115",,,,,,,,,,,,,,,,,,,,,,,,,,12,13
"Endrin","034",17,23,21,20,21,18,24,23,23,25,28,24,25,16,17,14,17,11,4,4,4,7,6,1,,,
"EPN","035",9,10,10,8,8,8,3,,,,10,15,8,,,,,,,,,,,,,,
"Epoxiconazole","B53",6,7,6,5,4,5,8,9,3,2,3,3,4,4,3,4,4,6,,,,,,,,,
"Eprinomectin","AHR",,,,,,,,,,1,1,,,,,,,,,,,,,,,,
"EPTC","200",12,15,13,11,10,9,13,15,15,17,17,14,14,10,11,10,9,4,5,4,1,1,,,,,
"Esfenvalerate","714",8,8,10,8,10,10,10,8,6,6,9,16,22,6,5,7,8,9,20,19,19,15,18,13,14,11,13
"Esfenvalerate+Fenvalerate Total","ADE",14,20,15,16,14,14,20,21,21,18,22,19,23,20,23,20,19,15,11,,,,,,,,
"Esprocarb","D11",5,2,,,,,,,,,,,,,,,,,,,,,,,,,
"Ethaboxam","C90",7,7,2,,,,,,,,,,,,,,,,,,,,,,,,
"Ethalfluralin","721",15,19,17,16,17,15,20,20,16,18,21,22,22,9,16,14,13,6,8,9,7,6,16,13,14,,
"Ethametsulfuron methyl","ANR",5,6,2,,,,,,,,,,,,,,,,,,,,,,,,
"Ethephon","730",,,,,,,,,,,,,,,,,2,,,,,,,,,,
"Ethidimuron","D15",5,2,,,,,,,,,,,,,,,,,,,,,,,,,
"Ethiofencarb","858",9,14,11,10,10,11,7,5,6,6,6,6,9,8,9,6,6,3,3,3,3,4,,,,,
"Ethiofencarb sulfone","AMX",5,6,5,4,4,5,3,,,,,,,,,,,,,,,,,,,,
"Ethiofencarb sulfoxide","AMY",5,6,5,4,4,5,3,,,,,,,,,,,,,,,,,,,,
"Ethion","107",12,15,13,12,13,16,21,20,18,17,19,20,18,12,15,17,15,12,18,24,22,18,17,13,14,11,13
"Ethion di oxon","538",,,,,,,,,,,,,3,2,4,5,4,2,7,10,7,7,,,,,
"Ethion mono oxon","AAX",3,5,7,8,8,11,16,16,12,13,15,18,10,6,8,8,8,4,16,22,20,7,,,,,
"Ethiprole","AME",5,6,5,4,4,5,3,,,,,,,,,,,,,,,,,,,,
"Ethofumesate","945",8,8,8,7,8,8,12,12,11,6,1,3,2,2,2,2,,,,,,,,,,,
"Ethoprop","175",14,19,17,15,16,16,22,23,18,20,23,18,23,12,11,10,14,9,15,16,18,8,6,4,4,5,12
"Ethoxyquin","111",4,8,5,3,2,2,,,,,,,,,,,1,,,,,,,,,,
"Ethylan","066",5,6,5,4,4,5,8,6,,,,,,,,,,,,,,,,,,,
"Etofenprox","ADI",17,21,20,19,17,14,13,7,,,,,,,,,,1,,,,,,,,,
"Etoxazole","B84",14,19,16,13,15,17,19,18,11,8,5,5,9,9,5,3,,,,,,,,,,,
"Etridiazole","722",11,14,13,11,13,13,14,9,7,4,2,6,7,4,6,11,8,8,4,6,2,,,,,,
"Etrimfos","293",5,6,5,2,,,,,,,,,,,,,,,,,,,,,,,
"Famoxadone","AEW",15,20,18,16,15,12,16,14,12,15,15,18,21,7,6,4,2,,,,,,,,,,
"Famphur","603",5,6,5,2,,,,,,,,,,,,,,,,,,,,,,,
"Fenamidone","B64",17,23,21,19,20,17,22,17,16,20,23,19,21,6,4,1,,,,,,,,,,,
"Fenamiphos","236",13,16,13,12,14,14,19,18,16,17,22,19,23,14,18,21,19,14,21,21,20,18,18,14,14,11,13
"Fenamiphos sulfone","745",13,16,13,12,14,14,17,17,16,17,21,18,22,14,16,20,18,14,21,21,20,17,18,13,14,11,13
"Fenamiphos sulfoxide","746",13,16,13,12,14,14,19,18,16,17,21,18,22,12,13,11,9,5,7,8,7,15,17,13,14,11,13
"Fenarimol","271",15,19,16,15,18,16,18,15,13,17,19,22,19,10,12,13,9,5,5,5,4,,,,,,
"Fenazaquin","B73",14,15,13,11,10,9,11,10,3,2,2,1,,,,,,,,,,,,,,,
"Fenbuconazole","A30",19,24,19,19,19,18,24,22,19,19,21,20,26,16,16,12,13,9,14,15,15,,,,,,
"Fenbutatin oxide","639",,,,,2,2,1,1,,,,,,,,,,,,,,,1,,4,4,
"Fenchlorphos (Ronnel)","105",5,6,5,4,4,5,8,7,6,8,9,14,7,,,,,,,,,,,,,,
"Fenhexamid","B41",15,19,16,17,21,18,21,16,14,13,10,9,12,9,2,3,2,1,,,,,,,,,
"Fenitrothion","391",8,11,9,8,8,8,12,13,11,14,15,20,15,6,7,6,7,3,8,10,6,8,17,14,,,
"Fenitrothion metabolite (3-Methyl-4-nitrophenol)","A76",,,,,,,,,,,,,,,,,,,,,,,1,1,,,
"Fenitrothion oxygen analog","648",,,,,,,,3,3,2,3,2,5,,,,2,1,4,5,4,7,16,14,,,
"Fenobucarb (BPMC)","856",5,6,5,4,4,5,8,7,6,8,9,,,,,,,,,,,,,,,,
"Fenoxaprop ethyl","777",5,6,6,5,4,6,8,,1,1,1,4,3,2,3,5,2,1,,,,,,,,,
"Fenoxycarb","811",7,6,5,4,4,5,3,,,,1,1,1,,,,,,,,,,,,,,
"Fenpicoxamid","F92",1,1,,,,,,,,,,,,,,,,,,,,,,,,,
"Fenpropathrin","808",19,24,22,21,22,20,26,25,24,27,31,24,26,16,20,20,18,13,16,19,8,6,10,1,,,
"Fenpropidin","AMF",6,5,4,4,4,5,3,,,,,,,,,,,,,,,,,,,,
"Fenpropimorph","886",12,14,10,12,9,11,13,11,2,,,,,,,,,,,,,,,,,,
"Fenpyrazamine","AMG",6,9,8,6,7,6,3,,,,,,,,,,,,,,,,,,,,
"Fenpyroximate","AFS",17,20,17,16,15,16,17,12,9,9,10,11,9,7,5,3,,,,,,,,,,,
"Fensulfothion","243",5,6,5,4,4,5,8,7,6,8,9,14,7,,,,,,,,,,,,,,
"Fenthion","177",12,15,13,10,14,14,19,18,14,16,18,21,21,12,11,10,8,5,8,11,7,8,17,13,14,,
"Fenthion oxygen analog","691",,,,,,,,3,3,3,3,2,2,3,2,2,2,1,1,1,,,,,,,
"Fenthion oxygen analog sulfone","AKQ",3,2,3,2,5,4,7,4,,,,,,,,,,,,,,,,,,,
"Fenthion oxygen analog sulfoxide","AKR",3,2,3,2,4,3,7,4,,,,,,,,,,,,,,,,,,,
"Fenthion sulfone","660",8,8,8,6,9,9,10,4,,,,,,1,,2,,1,3,6,3,,,,,,
"Fenthion sulfoxide","AKP",8,8,8,6,9,9,10,4,,,,,,,,,,,,,,,,,,,
"Fenuron","840",5,6,5,4,4,5,5,2,,2,3,2,2,2,2,2,2,1,1,1,,,,,,,
"Fenvalerate","546",,,,,,,,,,7,10,14,18,,1,1,6,12,21,22,22,15,18,14,14,11,13
"Fipronil","A82",12,15,14,13,14,13,17,13,9,8,6,6,9,5,4,4,1,1,,,,,,,,,
"Fipronil sulfide (MB45950)","A83",,,,1,,,,,,,,,,,,,,,,,,,,,,,
"Fipronil sulfone (MB46136)","A84",9,10,8,9,7,8,7,3,1,,,,,,,,,,,,,,,,,,
"Flazasulfuron","AMH",6,9,8,6,6,2,,,,,,,,,,,,,,,,,,,,,
"Flonicamid","AGG",18,23,21,20,21,18,24,21,15,20,21,21,21,5,1,,,,,,,,,,,,
"Florasulam","AKF",,,,,,,1,,1,,,,,,,,,,,,,,,,,,
"Florpyrauxifen-Benzyl","F94",5,6,2,,,,,,,,,,,,,,,,,,,,,,,,
"Fluazifop","ALW",,,,3,4,5,7,,,,,,,,,,,,,,,,,,,,
"Fluazifop butyl","292",12,16,14,10,12,10,14,11,9,13,7,8,7,4,4,4,1,,,,,,1,1,,,
"Fluazinam","B54",4,3,4,5,5,6,8,1,,,,,,,1,,,,,,,,,,,,
"Flubendiamide","AHS",15,18,16,12,13,11,13,13,11,15,6,,,,,,,,,,,,,,,,
"Flucarbazone sodium","ANS",,,1,,,,,,,,,,,,,,,,,,,,,,,,
"Fluchloralin","280",,,,,,,,,,,1,1,1,,,,,,,,,,,,,,
"Flucythrinate","229",5,6,5,4,4,2,,,,,1,1,1,,,,,,,,,,,,,,
"Fludioxonil","B23",18,23,22,21,21,20,24,22,21,25,28,22,27,21,24,20,20,14,19,18,14,,,,,,
"Fluensulfone","ANK",6,3,1,1,,,,,,,,,,,,,,,,,,,,,,,
"Flufenacet","B30",11,14,12,7,6,5,9,1,,,3,2,3,3,6,6,1,1,,,,,,,,,
"Flufenacet ethanesulfonic acid (ESA)","AFH",,,,,,,,,,,,,,2,2,2,,,,,,,,,,,
"Flufenacet oxanilic acid (OA)","AEZ",,,,,,,,3,3,1,3,3,3,3,3,2,,,,,,,,,,,
"Flufenoxuron","AHG",10,10,9,8,9,10,12,10,3,2,1,2,,,,,,,,,,,,,,,
"Flufenpyr ethyl","ALR",5,6,5,4,4,5,7,,,,,,,,,,,,,,,,,,,,
"Flumetralin","834",,,,,,,,,,,1,1,1,,,,,,,,,,,,,,
"Flumetsulam","AAU",5,6,5,4,4,5,7,3,3,4,3,2,2,2,2,3,3,1,1,,,,,,,,
"Flumiclorac pentyl","AAV",5,6,5,4,4,5,7,,,,1,1,2,1,,,,,,,,,,,,,
"Flumioxazin","AFF",18,21,16,15,17,16,21,14,7,5,4,1,3,4,2,1,,,,,,,,,,,
"Fluometuron","701",9,11,11,7,7,6,9,3,4,4,4,3,3,3,2,2,2,1,1,,,,,,,,
"Fluopicolide","AHT",17,23,20,20,20,17,21,17,13,14,5,,,,,,,,,,,,,,,,
"Fluopyram","AKG",19,24,22,19,13,9,7,,1,,,,,,,,,,,,,,,,,,
"Fluorodifen","836",5,6,5,2,,,,,,,,,,,,,,,,,,,,,,,
"Fluoxastrobin","AGJ",13,19,17,15,16,14,20,15,14,13,11,11,9,7,,,,,,,,,,,,,
"Flupyradifurone","ANE",12,16,16,10,7,2,,,,,,,,,,,,,,,,,,,,,
"Fluquinconazole","B78",11,13,10,11,7,8,12,9,1,1,,,,,,1,,,,,,,,,,,
"Fluridone","736",18,23,22,21,19,17,22,19,17,19,24,16,23,16,17,19,18,13,16,16,14,,,,,,
"Fluroxypyr","797",,,,3,4,5,7,,,,,,2,,,,,,,,,,,,,,
"Fluroxypyr-meptyl","ADJ",1,,,,,,,3,4,1,1,3,1,1,2,4,1,1,,,,,,,,,
"Flusilazole","950",14,14,13,13,14,15,18,15,3,,,,,,,,,,,,,,,,,,
"Fluthiacet methyl","AGM",9,11,10,6,6,5,7,,,,,,1,1,,,,,,,,,,,,,
"Flutianil","F96",2,,,,,,,,,,,,,,,,,,,,,,,,,,
"Flutolanil","B63",11,11,10,9,8,9,13,11,9,12,14,7,6,3,4,4,1,1,1,1,1,,,,,,
"Flutriafol","AFM",17,21,17,13,12,11,12,9,1,1,,,,,,1,,,,,,,,,,,
"Fluvalinate","297",17,20,19,18,19,18,22,22,22,21,25,21,18,4,4,6,3,1,2,3,1,,,,,,
"Fluxapyroxad","AKW",13,17,17,15,15,12,10,2,,,,,,,,,,,,,,,,,,,
"Folpet","126",3,3,5,8,7,6,4,7,8,5,3,3,14,6,7,10,12,8,15,17,19,14,14,,,,
"Fomesafen","ALX",2,6,3,4,4,5,7,,,,,,,,,,,,,,,,,,,,
"Fonofos","163",12,15,13,12,11,11,14,15,13,18,21,19,20,13,13,11,14,13,16,17,18,17,16,8,,,
"Fonofos oxygen analog","692",,,,,,,,,,,,,,,,,,1,4,5,7,16,15,,,,
"Foramsulfuron","AOF",5,2,,,,,,,,,,,,,,,,,,,,,,,,,
"Forchlorfenuron","B32",11,14,12,10,10,10,10,10,7,4,1,1,1,1,2,3,4,1,,,,,,,,,
"Formetanate","AFJ",,,,,,,,,,,,,,,,2,,,,,,,,,,,
"Formetanate hydrochloride","723",12,12,10,9,11,12,13,10,8,9,11,15,3,2,,,,,,3,3,,1,1,,3,3
"Fosthiazate","B09",5,6,5,4,4,5,8,6,1,1,,,,,,,,,,,,,,,,,
"Furalaxyl","AMZ",5,6,5,4,4,5,3,,,,,,,,,,,,,,,,,,,,
"Furathiocarb","AMR",2,3,2,4,2,2,,,,,,,,,,,,,,,,,,,,,
"Furilazole","A33",,,,,,,,,,,,,1,1,,,,,,,,,,,,,
"Glyphosate","653",,,,,,,,,,1,,,,,,,,,,,,,,,,,
"Halosulfuron","AFK",6,8,8,6,8,7,9,6,5,3,2,1,1,1,1,1,,,,,,,,,,,
"Halosulfuron methyl","AEH",8,9,7,8,6,8,9,6,7,4,6,4,18,4,5,3,2,,,,,,,,,,
"Haloxyfop","798",,,,3,4,5,7,3,,,,,,,,,,,,,,,,,,,
"Heptachlor","044",18,22,21,19,22,19,26,25,23,22,24,23,26,19,22,19,15,11,16,18,21,16,16,13,14,,
"Heptachlor epoxide","143",18,22,20,18,20,17,24,20,18,23,28,23,26,18,20,17,19,19,22,21,22,16,16,13,14,,
"Heptachlor epoxide cis","AFC",,,1,1,2,2,2,5,5,1,1,2,2,2,3,3,,,,,,,,,,,
"Heptachlor epoxide trans","AFD",,,,,,,,3,4,,1,2,2,2,3,3,,,,,,,,,,,
"Heptenophos","841",5,6,5,4,4,5,3,,,,,,,,,,,,,,,,,,,,
"Hexachlorobenzene (HCB)","321",10,13,12,11,11,11,13,15,14,19,18,20,23,14,14,14,15,10,15,18,20,15,16,13,14,11,13
"Hexaconazole","954",7,9,7,8,6,8,10,13,12,11,14,16,12,6,9,6,7,7,12,14,,,,,,,
"Hexazinone","633",8,8,9,7,8,3,5,6,5,1,3,,4,,2,2,,,10,14,13,,,,,,
"Hexythiazox","B10",18,23,18,15,17,17,21,18,14,12,14,17,5,4,,1,2,,,,,,,,,,
"HWG 2061 (tebuconazole metab.)","AEA",,,,,,,,,,,,,,,,,,3,,,,,,,,,
"Hydroprene","AEC",13,17,16,13,14,12,16,12,8,10,10,7,15,9,10,9,6,,,,,,,,,,
"Hydroxy Acequinocyl","AOH",3,,,,,,,,,,,,,,,,,,,,,,,,,,
"Hydroxy atrazine","AED",,,,,,,,3,3,1,3,3,3,3,3,3,2,,,,,,,,,,
"Imazalil","604",18,23,20,19,20,18,21,18,16,16,17,16,21,11,14,14,13,10,17,16,19,15,16,14,15,12,13
"Imazameth","ABY",,,,,,,,,,,,,,,,,,1,1,,,,,,,,
"Imazamethabenz acid","AEE",,,,,,,,3,4,1,3,3,3,3,3,3,2,,,,,,,,,,
"Imazamethabenz methyl","753",,,,,,,,3,3,3,3,3,3,3,3,3,2,1,1,,,,,,,,
"Imazamox","ACA",,,,,,,,3,3,3,3,3,3,3,3,3,2,1,1,1,,,,,,,
"Imazapic","ACZ",,,,3,4,,,3,3,3,3,3,3,3,3,3,2,1,1,1,,,,,,,
"Imazapyr","ACB",,,,2,3,5,7,3,3,3,3,3,3,3,3,3,2,1,1,1,,,,,,,
"Imazaquin","ACC",,,,3,4,5,7,3,3,4,3,3,3,3,3,4,3,1,1,,,,,,,,
"Imazethapyr","ACD",4,4,4,7,6,8,10,6,6,6,5,3,3,3,3,3,2,1,1,,,,,,,,
"Imazosulfuron","AMK",8,9,8,5,5,5,3,,,,,,,,,,,,,,,,,,,,
"Imidacloprid","967",19,24,21,20,22,20,26,25,25,27,30,24,27,21,22,17,15,8,3,5,2,1,,,,,
"Imidacloprid desnitro","AOG",3,,,,,,,,,,,,,,,,,,,,,,,,,,
"Imidacloprid urea","AHF",9,4,3,2,4,3,5,3,3,2,4,4,2,,,,,,,,,,,,,,
"Imiprothrin","ADK",17,20,19,17,19,17,18,16,16,18,21,18,16,,,,,,,,,,,,,,
"Indaziflam","AJP",12,14,11,10,11,10,13,11,7,4,,,,,,,,,,,,,,,,,
"Indoxacarb","ADG",16,19,18,17,19,18,19,17,15,19,22,20,22,13,12,6,4,2,,,,,,,,,
"Iodosulfuron methyl sodium","AKB",,,,,,,,,1,,,,,,,,,,,,,,,,,,
"Ipconazole","AHY",9,11,11,7,7,7,8,2,2,,1,,,,,,,,,,,,,,,,
"Iprobenfos  (IBP)","867",5,6,5,2,,,,,,,,,,,,,,,,,,,,,,,
"Iprodione","626",17,22,20,18,21,18,24,19,15,17,18,20,23,16,18,17,18,15,20,25,24,15,16,13,14,11,13
"Iprodione metabolite isomer","231",,,,,,,,,,,,,,4,4,4,5,2,4,4,4,4,1,,,,
"Iprovalicarb","AGE",9,9,8,6,9,9,11,7,4,3,2,3,3,2,1,,,,,,,,,,,,
"Isocarbophos","ALE",5,6,5,4,4,5,3,,,,,,,,,,,,,,,,,,,,
"Isofenphos","258",7,9,7,5,4,5,8,7,6,10,12,18,6,2,2,4,2,1,4,7,3,,,,,,
"Isofenphos methyl","ANA",5,6,5,4,4,5,3,,,,,,,,,,,,,,,,,,,,
"Isofenphos oxygen analog","655",,,,,,,,,,,,,,2,2,2,2,1,1,,,,,,,,
"Isofetamid","ANH",4,6,5,3,2,,,,,,,,,,,,,,,,,,,,,,
"Isoprocarb","637",5,6,5,4,4,5,8,7,6,8,9,,,,,,,,,,,,,,,,
"Isopropalin","946",5,2,,,,,,,,,1,1,1,,,,,,,,,,,,,,
"Isoprothiolane","855",7,9,7,3,,,,,,,,,,,,,,,,,,,,,,,
"Isoproturon","843",5,6,5,4,4,5,8,6,,,,,,,,,,,,,,,,,,,
"Isopyrazam","AKX",7,8,2,,,,,,,,,,,,,,,,,,,,,,,,
"Isoxaben","B14",1,,,,,,,,,,,,,,,,,,,,,,,,,,
"Isoxadifen ethyl","AGL",9,11,10,6,6,5,3,,,,,1,2,1,,,,,,,,,,,,,
"Isoxaflutole","B15",,,,,,,,3,3,1,2,1,4,,2,2,,1,1,,,,,,,,
"Isoxaflutole degradate","AJD",,,,,,,,3,3,1,1,,,,,,,,,,,,,,,,
"Ivermectin","AAB",,,,,,,,,,,1,,,,,,,,,,,,,1,1,,
"Kinoprene","E66",3,2,2,,,,,,,,,,,,,,,,,,,,,,,,
"Kresoxim-methyl","B42",16,19,17,17,19,16,20,15,10,12,7,7,8,5,3,3,4,1,,,,,,,,,
"Lactofen","A38",5,7,6,5,4,6,8,7,7,10,2,1,1,,1,1,1,1,1,,,,,,,,
"Lambda cyhalothrin R ester","AAF",,,,,,,,,,,,,,,,,,,,3,4,,,,,,
"Lambda cyhalothrin S ester","AAG",,,,,,,,,,,,,,,,,,,,4,4,6,1,,,1,
"Lambda cyhalothrin total","A39",,,,,,,,,,,,,,,,,,,,16,20,7,1,3,,1,
"Lenacil","859",2,3,2,8,6,8,10,9,1,,,,,,,,,,,,,,,,,,
"Leptophos oxygen analog","A40",5,6,5,4,4,5,8,7,6,4,,,,,,,,,,,,,,,,,
"Lindane (BHC gamma)","050",17,23,20,18,20,17,24,23,20,20,26,22,24,18,22,21,21,19,22,22,21,16,16,13,14,11,13
"Linuron","129",17,22,20,17,15,16,22,22,19,20,21,22,26,14,13,15,12,10,14,14,9,9,17,15,15,12,13
"Lufenuron","AJV",3,2,3,5,8,10,14,6,1,,,,,,,,,,,,,,,,,,
"Malathion","052",18,23,21,20,22,20,26,25,24,27,31,26,30,24,28,26,23,20,24,26,24,19,18,15,15,12,13
"Malathion oxygen analog","208",18,21,20,19,22,20,26,25,24,26,30,22,27,23,27,25,23,20,24,26,24,8,2,1,,,
"Mandipropamid","AGX",17,23,20,20,20,18,22,19,16,20,14,6,1,,,,,,,,,,,,,,
"MCPA","318",,,,,3,5,7,3,3,3,3,5,7,3,3,3,2,1,1,1,,,1,1,1,,13
"MCPB","620",,,,,3,5,7,3,3,3,3,3,3,3,3,3,2,1,1,,,,,,,,
"Mecarbam","662",5,6,5,4,4,5,3,,,,,,,,,,,,,,,,,,,,
"Mecoprop (MCPP)","A42",,,,3,4,5,7,3,3,1,1,2,4,2,2,2,2,1,,,,,,,,,
"Mefenacet","D21",7,5,2,1,,,,,,,,,,,,,,,,,,,,,,,
"Mefenpyr diethyl","AKH",5,6,5,4,4,5,7,,1,,,,,,,,,,,,,,,,,,
"Melamine","260",,,,,,,1,1,,,,,,,,,,,,,,,,,,,
"Mepanipyrim","AGF",5,6,5,4,4,5,8,6,1,1,,1,1,2,1,,,,,,,,,,,,
"Mephosfolan","242",5,6,5,2,,,,,,,,,,,,,,,,,,,,,,,
"Mepronil","D23",5,2,,,,,,,,,,,,,,,,,,,,,,,,,
"Mesosulfuron methyl","AKJ",,,,,,,,,1,,,,,,,,,,,,,,,,,,
"Mesotrione","AJA",6,11,7,3,4,4,3,4,3,1,1,,,,,,,,,,,,,,,,
"Metaflumizone","AJW",10,10,10,8,10,8,10,6,,,,,,,,,,,,,,,,,,,
"Metalaxyl/Mefenoxam","607",18,23,22,21,21,19,26,25,24,27,30,24,30,24,28,26,23,18,20,20,21,15,16,12,14,10,
"Metaldehyde","B07",3,2,5,8,8,8,8,3,1,1,2,,,,,,,,,,,,,,,,
"Metamitron","845",5,2,,,,,,,,,,,,,,,,,,,,,,,,,
"Metconazole","AHX",9,9,8,7,6,6,11,8,7,5,2,,,,,,,,,,,,,,,,
"Methacrifos","E74",5,6,5,2,,,,,,,,,,,,,,,,,,,,,,,
"Methamidophos","170",18,24,21,20,21,19,25,21,19,21,22,18,26,19,22,21,17,17,19,23,23,17,18,13,14,11,13
"Methfuroxam","D20",4,2,,,,,,,,,,,,,,,,,,,,,,,,,
"Methidathion","197",18,22,19,19,20,18,22,20,17,17,21,23,24,16,15,17,14,13,18,23,22,18,17,13,14,11,13
"Methidathion oxygen analog","ACE",,,,,,,,3,3,10,15,19,10,4,2,2,2,1,1,1,,,,,,,
"Methiocarb","195",12,15,11,10,10,10,12,10,9,14,16,19,14,10,11,10,12,5,10,10,17,14,16,15,15,11,13
"Methiocarb sulfone","634",5,6,5,4,4,8,7,3,1,,,,,,,,,,,,,,,,,,
"Methiocarb sulfoxide","256",5,6,5,4,4,8,12,9,1,,,,,,,,,,,,,,,,,,
"Methomyl","159",18,23,20,20,21,20,26,25,24,25,30,25,28,21,21,18,21,16,22,23,22,18,17,15,15,12,13
"Methomyl oxime","ACF",6,4,,1,1,1,,,,,,,,,,,,,,,,,,,,,
"Methoprene","ACV",5,4,5,8,6,6,8,5,4,4,5,4,5,4,5,6,5,5,6,2,,,,,,,
"Methoprotryne","889",5,2,,,,,,,,,,,,,,,,,,,,,,,,,
"Methoxychlor olefin","276",3,5,4,4,4,3,5,7,6,6,7,6,7,6,6,5,6,3,5,5,4,5,1,,,,
"Methoxychlor p,p'","275",7,7,7,8,6,8,10,13,11,9,11,15,20,6,8,11,14,18,18,20,19,12,12,,1,,
"Methoxychlor Total","055",7,6,4,5,7,5,10,10,8,7,8,8,9,8,9,7,9,6,9,8,16,15,16,14,14,12,13
"Methoxyfenozide","AES",18,23,22,21,22,20,26,22,21,24,26,20,23,15,15,4,1,,,,,,,,,,
"Metobromuron","702",5,2,,,,,,,,,,,,,,,,,,,,,,,,,
"Metolachlor","283",17,23,22,21,20,18,25,24,22,26,30,24,30,20,23,23,21,17,18,17,20,2,2,1,,,
"Metolachlor ethanesulfonic acid (ESA)","ACG",,1,,1,,,,3,3,3,3,3,3,3,3,3,2,1,1,1,,,,,,,
"Metolachlor oxanilic acid (OA)","ACH",3,2,,,,,,3,3,3,3,3,3,3,3,3,2,1,1,1,,,,,,,
"Metolcarb","860",5,6,5,4,4,5,3,,,,,,,,,,,,,,,,,,,,
"Metoxuron","844",5,2,,,,,,,,,,,,,,,,,,,,,,,,,
"Metrafenone","ANF",11,11,7,7,4,2,,,,,,,,,,,,,,,,,,,,,
"Metribuzin","181",15,19,18,16,18,14,21,21,18,20,22,22,22,14,17,19,18,15,20,22,11,1,2,1,,,
"Metribuzin DA","185",,,,,,,,3,3,1,1,,,,,,,,,,,,,,,,
"Metsulfuron methyl","ACI",5,6,6,4,4,,,3,4,3,3,3,3,3,3,3,2,1,1,,,,,,,,
"Mevinphos E","579",,,,,,,,,,,,,,,,,2,3,14,16,18,18,17,,1,,
"Mevinphos Total","069",13,18,16,14,15,16,22,19,18,23,23,19,24,13,13,14,17,9,10,11,11,15,15,13,13,11,13
"Mevinphos Z","578",,,,,,,,,,,,,,,,,,,12,15,18,17,16,,1,,
"Mexacarbate","681",5,2,,,,,,,,,,,,,,,,,,,,,,,,,
"MGK-264","058",19,23,20,19,19,17,21,14,10,13,16,18,16,3,2,3,1,1,,,,,,,,,
"MGK-326 (dipropyl isocinchomeronate)","ADL",2,,,,,,,,,,1,1,2,2,2,2,,1,,,,,,,,,
"Milbemectin","AHP",,,,,,,,,,,1,,,,,,,,,,,,,,,,
"Mirex","352",9,10,5,4,3,3,4,2,,,1,1,1,,2,1,,,,,,,,,,,
"Molinate","778",5,6,5,2,,,1,,,2,3,2,2,2,2,2,2,1,2,2,1,,,,,,
"Momfluorothrin","ANN",,,,1,,,,,,,,,,,,,,,,,,,,,,,
"Monocrotophos","343",10,11,10,9,10,11,13,11,11,11,13,14,12,4,6,5,5,4,2,2,2,,,,,,
"Monolinuron","682",5,6,5,4,4,5,3,,,,,,,,,,,,,,,,,,,,
"Monuron","046",5,6,2,,,,,,,2,3,2,2,2,2,2,2,1,1,1,,,,,,,
"Moxydectin","AAC",,,,,,,,,,,1,,,,,,,,,,,,,,,,
"Myclobutanil","679",19,24,21,20,22,19,26,25,22,27,30,24,30,24,25,24,23,20,22,25,22,15,16,13,14,11,13
"N-(3-hydroxy)propyl EPTC","ACK",,,,,,,,,,,,,,,,,,1,1,,,,,,,,
"Naled","303",6,3,4,5,5,5,5,5,4,3,3,2,2,,,,,,,,,,,,,,
"Napropamide","594",13,19,17,15,17,18,21,18,17,20,23,20,24,15,18,15,16,13,15,16,1,,,,,,
"Naptalam","B18",,,,,,,,,,,,,,,,2,3,2,,,,,,,,,
"Neburon","061",5,6,2,,,,,3,3,3,3,3,3,3,3,3,2,1,1,,,,,,,,
"Niclosamide","ACL",,,,,,,,,,,,,,,,,,1,,,,,,,,,
"Nicosulfuron","ACM",6,9,8,6,6,5,3,3,3,4,5,5,5,3,3,3,2,1,1,1,,,,,,,
"Nitenpyram","C51",5,2,,,,,,,,,,,,,,,,,,,,,,,,,
"Nitrapyrin","725",6,9,8,6,6,5,3,,1,,,,2,,2,4,3,3,4,1,,,,,,,
"Nitrofen","158",5,6,5,4,4,5,8,6,,,1,1,1,,,,,,,,,,,,,,
"Nonachlor cis","207",,,,,,,,,,1,2,3,1,,,,,,1,2,1,,,,,,
"Nonachlor trans","206",,,,,,,,,,1,2,3,1,,,,,,1,2,1,,,,,,
"Norflurazon","596",18,22,20,19,20,19,22,20,19,20,22,22,26,18,21,20,16,12,18,18,20,14,15,,,,
"Norflurazon desmethyl","720",18,22,20,19,19,17,22,20,18,19,22,19,22,15,19,16,16,12,18,18,20,14,15,,,,
"Novaluron","AFX",19,24,22,18,19,17,20,18,12,12,5,5,3,2,2,,,,,,,,,,,,
"Nuarimol","800",5,2,,,,,,,,,,,,,,,,,,,,,,,,,
"Octhilinone","789",5,2,,,,,,,,,,,,,,,,,,,,,,,,,
"Omethoate","178",17,23,22,20,22,19,22,23,22,21,24,20,24,17,19,19,18,15,20,24,22,17,17,14,15,11,13
"O-Phenylphenol","083",10,8,8,9,9,7,7,7,10,11,13,7,20,17,20,17,16,15,18,18,19,14,15,13,14,11,13
"Orthosulfamuron","AML",4,6,2,,,,,,,,,,,,,,,,,,,,,,,,
"Oryzalin","737",12,15,13,15,17,16,17,10,7,3,3,3,7,5,5,3,4,2,,,,,,,,,
"Ovex","063",,,,,,,,,,,,,,,,,,,,,,2,4,,,,
"Oxadiazon","625",9,10,8,8,7,8,12,11,3,2,4,5,3,2,4,4,2,2,4,4,,,,,,,
"Oxadixyl","A46",10,14,11,11,10,11,14,16,13,15,16,18,20,6,8,10,14,11,18,17,17,1,1,,,,
"Oxamyl","537",18,24,19,19,20,19,22,23,21,22,25,21,25,16,19,17,19,12,20,19,21,17,17,15,15,11,13
"Oxamyl oxime","A47",17,20,16,15,16,16,17,16,14,14,18,15,17,6,10,9,9,1,,,,,,,,,
"Oxathiapiprolin","F56",9,8,2,,,,,,,,,,,,,,,,,,,,,,,,
"Oxycarboxin","890",5,2,,,,,,,,,,,,,,,,,,,,,,,,,
"Oxychlordane","349",6,8,5,4,4,5,3,9,11,10,10,7,8,6,6,5,6,3,6,7,16,6,16,13,14,,
"Oxydemeton methyl","219",14,16,14,13,17,15,17,17,14,9,10,7,6,3,3,7,4,4,3,1,,,,,,,
"Oxydemeton methyl sulfone","245",15,19,16,14,13,14,19,21,17,19,21,18,22,11,15,18,13,10,21,21,19,17,16,13,12,,
"Oxyfluorfen","713",18,20,16,16,16,16,19,17,14,19,21,22,23,16,15,17,12,7,17,21,20,6,16,13,14,,
"Oxythioquinox","246",,,,,,,,,,,,,1,,,1,,,,,,,,,,,
"Paclobutrazol","A48",10,11,10,9,10,13,18,14,2,,,,,,,,,,,,,,,,,,
"Parathion ethyl","065",16,19,16,17,16,16,21,19,16,18,16,20,19,9,12,16,21,19,24,26,24,19,18,15,15,12,13
"Parathion methyl","057",17,20,19,19,19,17,23,21,19,22,22,22,28,17,15,14,14,12,18,24,23,19,18,15,15,12,13
"Parathion methyl oxygen analog","779",12,12,12,12,11,11,16,17,14,18,19,18,23,9,9,6,7,4,16,23,22,8,,,,,
"Parathion oxygen analog","370",10,12,10,8,8,8,12,10,8,15,15,17,16,7,9,11,17,14,24,26,24,8,,1,,,
"Pebulate","161",2,3,2,4,2,3,2,3,3,4,3,2,2,2,2,2,2,4,3,2,,,,,,,
"Penconazole","956",10,11,10,10,11,12,14,11,1,,,,,,,,,,,,,,,,,,
"Pencycuron","AJX",10,11,10,9,10,11,13,10,1,,,,,,,,,,,,,,,,,,
"Pendimethalin","230",18,23,21,20,21,20,25,25,23,22,24,23,28,14,12,13,13,10,15,16,18,1,2,1,,,
"Penflufen","AKZ",6,9,9,7,7,6,8,1,,,,,,,,,,,,,,,,,,,
"Penoxsulam","AMS",8,9,7,8,5,2,,,,,,,,,,,,,,,,,,,,,
"Pentachloroaniline (PCA)","351",17,23,21,18,17,15,20,18,11,12,14,15,14,11,11,10,9,6,2,2,1,6,4,5,4,5,12
"Pentachlorobenzene (PCB)","387",17,23,21,18,18,16,20,19,14,18,20,19,20,12,13,12,14,11,14,17,19,15,16,13,14,11,13
"Pentachlorophenol","316",,,,,,,,,,,,,,,,,,1,,,,,,1,1,,
"Pentachlorophenyl methyl ether","376",,,,,,,,,,,,,,,,2,1,,,,,,,,,,
"Pentachlorophenyl methyl sulfide","388",12,19,17,13,11,11,13,12,11,12,13,11,13,11,11,10,8,5,2,1,,,,,,,
"Penthiopyrad","AKD",14,19,18,16,14,13,12,9,1,,,,,,,,,,,,,,,,,,
"Permethrin cis","222",11,12,12,14,14,13,19,18,18,18,22,22,25,17,17,12,16,13,20,20,21,15,16,,,,
"Permethrin Total","539",8,12,13,11,9,10,10,8,8,9,12,10,15,10,9,12,9,9,6,6,6,7,7,14,14,11,13
"Permethrin trans","223",11,12,12,14,14,13,19,18,18,18,22,22,25,17,18,12,16,13,19,20,21,15,16,,,,
"Perthane","AGN",,,,,,,,,,,,,,1,,,,,,,,,,,,,
"Phenmedipham","791",3,6,2,,,,,,,4,4,15,1,,1,2,3,4,4,3,1,,,,,,
"Phenothrin","848",19,24,21,21,22,20,26,25,23,24,28,22,19,4,5,3,2,5,2,1,,,,,,,
"Phenthoate","377",8,11,9,8,8,8,12,9,3,6,7,6,7,6,6,5,6,3,5,5,4,4,,,,,
"Phorate","148",13,16,15,14,16,17,22,21,18,20,23,22,23,13,12,16,16,14,19,23,23,18,18,15,15,12,13
"Phorate oxygen analog","928",8,11,9,7,9,12,18,18,14,17,19,19,15,7,4,4,5,3,8,11,7,7,16,13,14,11,13
"Phorate oxygen analog sulfone","966",11,15,14,9,11,9,11,4,2,,,,,,,,,1,,,,7,16,13,14,11,
"Phorate oxygen analog sulfoxide","951",11,15,14,9,11,9,11,4,2,,,,,,,,,,,,,,,,,,
"Phorate sulfone","189",17,20,19,18,19,17,20,19,16,18,21,19,21,11,13,13,16,14,19,23,23,17,18,14,15,12,13
"Phorate sulfoxide","190",17,22,19,18,19,17,22,22,18,19,22,18,17,10,9,5,6,4,10,13,11,16,16,13,14,11,13
"Phosalone","166",17,19,16,17,18,18,21,17,14,16,19,22,21,13,11,13,10,11,20,23,21,18,17,13,14,11,13
"Phosalone oxygen analog","929",,,,,,,,,,,,,3,2,2,2,2,1,1,1,,,,,,,
"Phosmet","165",17,21,20,18,19,18,22,22,21,21,26,21,24,19,18,18,17,15,21,24,22,18,17,13,14,11,13
"Phosmet oxygen analog","237",15,17,17,15,17,15,16,8,11,11,10,4,3,,,,,,,,,,,,,,
"Phosphamidon","203",10,14,11,11,10,11,14,13,11,15,18,18,15,8,10,12,13,12,18,17,19,18,17,13,14,11,13
"Phoxim","247",8,8,8,6,8,8,11,7,,,,,,,,,,,,,,,,,,,
"Picloram","329",,,1,,,,,3,4,3,3,3,5,3,3,3,2,1,1,1,,,,1,1,,
"Picolinafen","E89",5,2,,,,,,,,,,,,,,,,,,,,,,,,,
"Picoxystrobin","ALA",11,12,11,7,7,5,7,,,,,,,,,,,,,,,,,,,,
"Pinoxaden","AHH",5,6,6,4,5,,,,,,,,,,,,,,,,,,,,,,
"Piperalin","AGV",,,,,,,,,,,,,1,,,,,,,,,,,,,,
"Piperonyl butoxide","070",19,24,21,21,22,19,25,21,21,25,31,24,28,21,25,21,20,18,21,20,21,9,15,12,14,1,
"Pirimicarb","580",12,15,13,12,13,13,18,15,11,15,18,9,13,10,11,6,6,3,5,5,4,4,,,,,
"Pirimicarb desmethyl","873",10,11,10,9,10,11,13,10,1,,,,,,,,,,,,,,,,,,
"Pirimiphos methyl","562",16,19,16,16,14,14,20,17,14,16,17,19,18,11,11,15,16,14,16,13,12,14,17,14,,,
"Pirimiphos methyl degradate (Diethylaminomethylpyrimidonol)","AAR",,,,,,,,,,,,,,,,,,,,,,,1,1,,,
"Pirimiphos-ethyl","587",5,6,5,4,4,2,,,,,,,,,,,,,,,,,,,,,
"Prallethrin","ADC",17,19,17,15,17,14,18,15,17,22,27,22,26,21,24,19,13,9,7,3,,,,,,,
"Pretilachlor","892",5,6,5,2,,,,,,,,,,,,,,,,,,,,,,,
"Primisulfuron methyl","AHA",5,6,6,4,5,,,,,,,,,,,,,,,,,,,,,,
"Prochloraz","833",7,9,7,8,6,8,10,9,3,2,,,,1,3,5,4,2,,,,,,,,,
"Procymidone","593",14,15,13,13,14,15,16,11,6,4,2,2,2,2,4,3,2,4,10,15,16,7,5,,,,
"Prodiamine","814",3,2,2,1,,,,,,,1,1,1,,,,,,,,,,,,,,
"Profenofos","224",17,22,19,19,17,15,17,13,6,8,10,10,14,10,11,12,9,7,10,12,10,10,17,13,,,
"Profluralin","A53",5,6,5,4,4,5,8,6,,,,,,,,,,,,,,,,,,,
"Profoxydim","ANB",5,6,5,4,4,5,3,,,,,,,,,,,,,,,,,,,,
"Promecarb","385",5,6,5,4,4,5,8,7,6,8,9,,,,,,,,,,,,,,,,
"Prometon","942",5,6,5,5,,,,3,3,3,3,3,3,3,3,3,2,1,1,1,,,,,,,
"Prometryn","249",10,12,10,9,8,8,13,14,12,14,15,19,23,9,10,10,12,7,16,16,8,1,1,,,,
"Pronamide","540",18,22,20,18,22,19,23,21,17,20,24,22,22,14,17,18,16,14,20,24,22,14,14,,,,
"Propachlor","675",8,11,10,9,8,3,5,7,6,7,5,6,5,5,5,6,3,2,1,1,,1,1,,,,
"Propachlor ESA","AJC",,,,,,,,3,3,1,1,,,,,,,,,,,,,,,,
"Propachlor oxanilic acid (OA)","AFA",,,,,,,,3,3,1,3,3,4,4,3,4,,,,,,,,,,,
"Propamocarb","AND",7,9,7,8,6,5,3,,,,,,,,,,,,,,,,,,,,
"Propamocarb hydrochloride","AFU",10,9,9,10,11,11,13,14,13,14,15,3,1,1,4,1,,,,,,,,,,,
"Propanil","341",5,6,6,5,5,5,9,9,3,4,4,6,5,5,6,8,4,4,3,2,1,,,,,,
"Propaquizafop","ALK",5,6,5,4,4,5,8,6,,,,,,,,,,,,,,,,,,,
"Propargite","623",17,22,20,18,20,18,24,17,15,20,22,21,24,17,18,17,15,10,21,24,23,15,16,13,14,11,13
"Propazine","333",5,6,5,3,,,,3,3,3,4,4,5,4,3,1,,,,,,,,,,,
"Propetamphos","636",18,24,22,21,22,20,26,22,20,24,30,22,29,22,25,19,16,8,12,6,,,,,,,
"Propham","310",5,6,5,4,4,5,8,7,6,10,13,17,8,4,3,6,3,2,3,5,2,,,,,,
"Propiconazole","264",18,23,21,20,19,18,26,24,20,19,21,19,22,15,20,19,15,14,17,17,18,2,1,,,,
"Propiconazole I","ABH",,,,,,,,,,,,14,17,,,,,3,11,15,12,,,,,,
"Propiconazole II","ABI",,,,,,,,,,,,14,17,,,,,3,11,15,12,,,,,,
"Propoxur","162",,,,,,,,5,6,3,4,4,4,3,3,6,5,1,2,2,,,2,,,,
"Propoxycarbazone","AKK",2,6,2,,,,,,1,,,,,,,,,,,,,,,,,,
"Proquinazid","AMM",5,6,5,4,4,5,3,,,,,,,,,,,,,,,,,,,,
"Prosulfuron","AEG",9,11,10,6,6,5,4,3,4,1,,,,,,,,,,,,,,,,,
"Prothioconazole","AHJ",4,7,7,4,5,6,6,2,1,,,,,,,,,,,,,,,,,,
"Prothioconazole desthio","F00",3,,,,,,,,,,,,,,,,,,,,,,,,,,
"Prothiofos","613",10,11,9,8,9,11,13,12,2,,,,,,,,,,,,,,,,,,
"Pydiflumetofen","G03",9,4,,,,,,,,,,,,,,,,,,,,,,,,,
"Pymetrozine","ABF",12,16,14,13,13,12,15,11,12,15,6,5,5,2,4,3,4,2,1,,,,,,,,
"Pyraclofos","F01",5,6,5,2,,,,,,,,,,,,,,,,,,,,,,,
"Pyraclostrobin","B61",19,24,22,21,22,20,26,21,22,23,26,21,26,21,19,7,,,,,,,,,,,
"Pyraflufen","ALY",,,,3,4,5,7,,,,,,,,,,,,,,,,,,,,
"Pyraflufen ethyl","AGB",13,12,10,8,9,10,13,11,8,4,,,2,2,1,,,,,,,,,,,,
"Pyrasulfotole","AHK",,,,3,4,,2,3,4,1,,,,,,,,,,,,,,,,,
"Pyrazon","595",5,6,5,4,4,,,,,,,,,,,2,1,,,,,,,,,,
"Pyrazophos","553",10,11,10,9,10,11,13,10,1,,,,,,,,,,,,,,,,,,
"Pyrethrins","075",6,2,4,2,5,4,7,3,6,5,5,5,4,2,2,2,,,,,,,,,,,
"Pyrethrum (natural pyrethrins)","AHD",,,,,,,,,,,,1,,,,,,,,,,,,,,,
"Pyridaben","B56",16,18,17,16,17,16,18,16,16,15,16,19,18,9,11,10,6,2,3,1,1,,,,,,
"Pyridalyl","AHU",8,12,9,6,6,4,5,,3,7,5,,,,,,,,,,,,,,,,
"Pyridaphenthion","961",5,6,5,2,,,,,,,,,,,,,,,,,,,,,,,
"Pyridate","F06",,3,2,,,,,,,,,,,,,,,,,,,,,,,,
"Pyrifluquinazon","F08",7,3,,,,,,,,,,,,,,,,,,,,,,,,,
"Pyrimethanil","B16",19,23,20,19,21,19,23,20,17,17,19,19,24,17,12,4,,,,,,,,,,,
"Pyriofenone","F12",3,,,,,,,,,,,,,,,,,,,,,,,,,,
"Pyriproxyfen","B24",19,24,22,21,22,20,26,22,22,24,27,19,26,21,24,20,16,10,6,3,1,,,,,,
"Pyroxasulfone","AMO",8,8,7,4,4,5,3,,,,,,,,,,,,,,,,,,,,
"Pyroxsulam","AJH",5,6,2,,,,,3,4,1,,,,,,,,,,,,,,,,,
"Quinalphos","661",10,11,10,9,10,11,13,11,7,4,,,,,,,,,,,,,,,,,
"Quinchlorac","B29",,,,,,,,,,,,,2,,,,,,,,,,,,,,
"Quinoxyfen","B57",17,23,18,18,16,15,19,18,14,16,17,15,18,4,2,1,,,,,,,,,,,
"Quintozene (PCNB)","304",13,19,18,16,17,18,23,20,17,21,22,21,24,15,16,14,18,13,16,18,20,15,16,13,14,11,13
"Quizalofop","ALZ",,,,3,4,5,7,,,,,,,,,,,,,,,,,,,,
"Quizalofop ethyl","750",6,9,8,6,7,6,9,8,7,10,1,2,,,,1,1,,,,,,,,,,
"Resmethrin","556",13,16,13,11,13,15,16,16,16,15,15,15,22,20,19,16,14,13,13,8,1,,,,,,
"Resmethrin cis","AEJ",,2,5,9,7,6,11,10,8,9,7,7,20,4,4,3,4,1,,,,,,,,,
"Resmethrin trans","AEK",6,8,7,9,7,6,11,10,8,10,13,13,20,4,6,3,4,1,,,,,,,,,
"RH 9129 (fenbuconazole metab.)","A54",,,,,,,,,,,,,,,1,1,1,4,,,,,,,,,
"RH 9130 (fenbuconazole metab.)","A55",,,,,,,,,,,,,,,1,1,1,4,,,,,,,,,
"Rimsulfuron","AJF",9,12,10,10,10,9,10,6,5,3,1,,,,,,,,,,,,,,,,
"Rotenone","020",5,6,5,4,4,5,8,6,,,,1,1,,,,,,,,,,,,,,
"RPA 404886 (triticonazole metab.)","ADZ",,,,,,,,,,,,,,,,,,3,,,,,,,,,
"RPA 406341 (triticonazole metab.)","ADY",,,,,,,,,,,,,,,,,,4,,,,,,,,,
"S-(2-hydroxy)propyl EPTC","ACO",,,,,,,,,,,,,,,2,2,2,1,1,,,,,,,,
"Saflufenacil","AHZ",14,17,15,15,14,13,15,16,14,7,2,,,,,,,,,,,,,,,,
"Salannin","AHE",,,,,,,,,,,,1,,,,,,,,,,,,,,,
"S-Bioallethrin","A57",3,,,,,,,,,,,,,,,,,,,,,,,,,,
"SD-31723","AAD",,,,,,,,,,,,,,,,,,,,,,,1,,,,
"SD-33608","AAE",,,,,,,,,,,,,,,,,,,,,,,1,,,,
"Sedaxane","ALB",8,8,7,4,4,5,7,,,,,,,,,,,,,,,,,,,,
"Sethoxydim","AEV",14,16,16,14,17,15,18,16,13,12,13,4,5,4,5,6,2,,,,,,,,,,
"Sethoxydim sulfone","AJQ",,1,,,,,,,1,,,,,,,,,,,,,,,,,,
"Sethoxydim sulfoxide","AJR",1,1,,,,,,,4,3,,,,,,,,,,,,,,,,,
"Siduron","ACT",5,6,2,,,,,3,3,3,3,3,3,3,3,3,2,1,1,1,,,,,,,
"Simazine","149",16,19,18,17,19,15,20,19,16,18,20,22,24,16,20,23,19,15,19,21,21,15,16,13,14,,
"Simeconazole","F21",5,2,,,,,,,,,,,,,,,,,,,,,,,,,
"Simetryn","837",7,5,2,1,,,,,,,,,,,,,,,,,,,,,,,
"Spinetoram","AGY",19,24,21,21,22,18,22,17,16,16,9,5,3,,,,,,,,,,,,,,
"Spinetoram J","AMV",1,,,,1,,,,,,,,,,,,,,,,,,,,,,
"Spinetoram L","AMW",1,,,,1,,,,,,,,,,,,,,,,,,,,,,
"Spinosad","ABB",14,19,17,16,16,13,17,13,10,11,10,6,3,13,13,1,,,,,1,,,,,,
"Spinosad A","ABC",7,6,4,6,8,6,9,9,15,14,15,15,20,5,6,3,3,1,,3,3,,,,,,
"Spinosad D","ABD",3,2,1,2,5,3,7,9,15,13,15,15,20,5,6,2,2,1,,3,3,,,,,,
"Spirodiclofen","B85",18,19,19,17,17,16,18,16,14,10,7,7,6,7,3,1,,,,,,,,,,,
"Spiromesifen","AGT",15,18,16,13,12,12,16,16,15,16,16,16,5,,,,,,,,,,,,,,
"Spiromesifen alcohol","ALV",5,7,5,4,4,5,7,,,,,,,,,,,,,,,,,,,,
"Spiromesifen enol metabolite (calculated as parent)","AGU",3,2,2,,,,,,1,,,,,,,,,,,,,,,,,,
"Spiromesifen Total (parent + enol metabolite)","AFW",3,5,3,4,4,3,4,2,3,4,6,5,10,9,8,1,,,,,,,,,,,
"Spirotetramat","AHM",19,24,22,19,16,13,15,14,12,15,7,1,,,,,,,,,,,,,,,
"Spiroxamine","AJY",16,18,13,13,14,15,16,11,1,,,,,,,,,,,,,,,,,,
"Sulfallate","323",5,6,5,4,4,5,8,6,,,,,,,,,,,,,,,,,,,
"Sulfentrazone","AAY",11,15,15,11,12,10,12,10,10,11,11,14,16,2,2,2,2,,,,,,,,,,
"Sulfometuron methyl","ACP",5,6,5,4,,,,3,3,3,3,3,3,3,3,3,2,1,,,,,,,,,
"Sulfosulfuron","ADS",5,6,6,3,3,,,,1,,,,,,,,,,,,,,,,,,
"Sulfotep","311",,,,,,,,,,2,3,2,2,2,2,2,2,1,1,1,,,,,,,
"Sulfoxaflor","ALS",10,15,14,12,11,8,8,,,,,,,,,,,,,,,,,,,,
"Sulprofos","609",8,11,9,7,8,8,12,10,7,9,8,9,8,6,6,7,6,3,8,9,5,8,17,13,14,,
"Sulprofos oxygen analog","ACQ",,,,,,,,,,,,,,2,2,2,2,1,1,1,,,,,,,
"TCMTB","793",9,11,10,6,6,5,5,,,,3,3,4,1,1,1,1,2,2,1,1,,,,,,
"Tebuconazole","A58",19,24,22,21,21,20,24,22,18,20,18,19,24,14,15,15,15,15,16,17,19,1,,,,,
"Tebufenozide","ABG",18,23,20,19,20,18,21,18,16,21,22,20,23,14,13,10,8,5,2,1,,,,,,,
"Tebufenpyrad","AJZ",10,11,10,9,10,13,17,13,2,,,,,,,,,,,,,,,,,,
"Tebupirimfos","A59",8,11,7,3,,,,3,3,3,4,4,4,3,3,3,2,1,1,1,,,,,,,
"Tebupirimfos oxygen analog","ACR",,,,,,,,,,2,3,2,2,2,2,2,2,1,1,1,,,,,,,
"Tebutam","F24",5,2,,,,,,,,,,,,,,,,,,,,,,,,,
"Tebuthiuron","780",9,11,10,9,8,8,12,13,11,14,14,6,5,5,3,3,2,1,1,1,,,,,,,
"Tecnazene","147",10,14,11,11,10,11,14,12,6,8,7,6,7,7,7,10,10,8,6,5,4,6,16,13,14,11,
"Teflubenzuron","AKA",10,11,9,6,8,8,10,3,,,,,,,,,,,,,,,,,,,
"Tefluthrin","B26",19,24,22,21,22,20,26,25,24,24,28,23,20,5,2,4,3,3,4,1,,,,,,,
"Tembotrione","AJB",,,,,,,,3,3,1,1,,,,,,,,,,,,,,,,
"Temephos","749",5,2,,,,,,,,,1,1,4,,,,,,,,,,,,,,
"TEPP","088",,,,,,,,,,,,,,,1,2,3,1,3,3,4,,,,,,
"Tepraloxydim","AHL",6,9,9,6,7,6,8,2,1,1,1,,,,,,,,,,,,,,,,
"Terbacil","152",17,19,16,15,15,15,22,21,16,16,16,18,20,10,11,13,15,14,18,17,19,14,14,,,,
"Terbufos","205",10,12,10,6,6,5,8,10,11,15,18,20,21,10,11,11,13,11,16,17,19,18,17,13,14,11,13
"Terbufos oxygen analog","A60",7,9,7,4,3,5,3,,,2,5,4,7,2,2,2,2,1,1,1,,,,,,,
"Terbufos oxygen analog sulfone","752",10,12,9,5,5,5,3,,,,,,,,,,,,,,,,,,4,5,12
"Terbufos oxygen analog sulfoxide","AMP",4,7,5,4,3,3,2,,,,,,,,,,,,,,,,,,,,
"Terbufos sulfone","963",12,16,13,10,10,8,12,13,11,13,15,18,17,8,8,9,15,12,16,17,19,18,17,13,14,11,13
"Terbufos sulfoxide","ALT",10,12,10,6,6,5,7,,,,,,,,,,,,,,,,,,,,
"Terbuthylazine","678",10,11,10,9,10,11,13,10,1,,,,,,,,,,,,,,,,,,
"Terbutryn","738",5,5,5,2,,,2,2,,,,,1,,,,,,,,,,,,,,
"Tetrachlorvinphos","176",9,14,12,10,12,9,13,15,12,15,17,21,16,8,9,10,12,10,19,23,22,18,17,13,14,,
"Tetraconazole","B72",15,18,14,13,13,13,18,16,12,12,6,4,5,5,6,5,4,5,,,,,,,,,
"Tetradifon","108",16,19,17,17,16,16,21,21,19,19,20,19,21,12,16,20,20,16,18,19,19,14,14,,,,
"Tetrahydrophthalimide (THPI)","624",13,16,15,14,11,12,18,14,12,15,17,20,23,16,17,13,11,6,3,1,,5,9,1,3,,
"Tetramethrin","947",17,20,19,18,19,18,20,22,22,21,27,22,17,5,5,7,5,5,2,1,,,,,,,
"Thiabendazole","157",19,23,20,19,20,18,22,19,19,20,21,16,22,16,18,18,17,12,17,17,19,15,17,15,15,11,13
"Thiacloprid","B68",18,21,17,17,17,17,22,18,13,14,18,21,18,6,4,3,,,,,,,,,,,
"Thiamethoxam","B43",19,24,22,21,22,20,26,25,24,24,28,22,25,19,16,7,6,3,,,,,,,,,
"Thiazopyr","B12",10,13,11,10,9,5,4,4,3,2,1,,,,2,3,2,,,,,,,,,,
"Thidiazuron","794",5,6,5,4,4,,,,,,,,,1,,,,,,,,,,,,,
"Thiencarbazone methyl","AKL",8,8,6,4,4,,,,1,,,,,,,,,,,,,,,,,,
"Thifensulfuron","AEF",,,,,,,,3,3,1,2,3,3,3,3,3,2,,,,,,,,,,
"Thifensulfuron methyl","AEQ",5,6,5,4,4,5,7,3,4,2,1,,,,,1,1,,,,,,,,,,
"Thiobencarb","726",12,15,13,12,12,11,17,17,13,18,19,23,21,7,10,10,6,3,16,20,4,,,,,,
"Thiodicarb","943",11,10,10,10,9,7,9,10,9,14,13,12,14,3,,3,2,,,,,,,,,,
"Thionazin","250",5,6,5,4,4,5,8,7,6,8,9,14,7,,,,,,,,,,,,,,
"Thiophanate methyl","611",7,9,5,4,4,4,4,2,3,4,3,1,3,,,,,,,,,,,,,,
"Thiram","089",,1,,,,,,,,,,,,,,,,,,,,,,,,,
"Thymol","ALG",,,,1,,,,,,,,,,,,,,,,,,,,,,,
"Tolclofos methyl","B70",5,6,5,4,4,5,8,6,,,1,1,1,2,2,2,2,1,1,,,,,,,,
"Tolfenpyrad","ANC",9,11,7,5,4,5,3,,,,,,,,,,,,,,,,,,,,
"Tolylfluanid","649",4,1,3,2,4,3,5,3,2,1,1,3,1,1,,,,,,,,,,,,,
"Topramezone","AMQ",,1,4,3,1,3,2,,,,,,,,,,,,,,,,,,,,
"Toxaphene","090",,,,,,,,,,1,1,1,1,,,,,,,,,,,,,,
"Tralkoxydim","A85",,,,,,,,,1,,,,,,,,,,,,,,,,,,
"Tralomethrin","755",,,,,,,,,,1,2,2,,2,2,2,2,1,2,1,,,,,,,
"Tri Allate","621",8,12,8,8,7,9,11,15,13,13,16,6,12,4,7,7,5,7,7,3,11,,,1,1,1,
"Triadimefon","608",12,15,13,13,13,13,18,18,14,16,17,21,23,13,16,20,19,18,20,22,21,14,14,,1,,
"Triadimenol","638",11,12,12,12,13,12,14,15,14,12,13,16,21,10,12,10,9,10,6,5,2,2,1,,,,
"Triasulfuron","ADP",5,6,6,4,4,,,3,4,1,3,3,3,3,3,3,2,,,,,,,,,,
"Triazole acetic acid (TAA)","ADX",,,,,,,,,,,,,,2,2,1,3,4,,,,,,,,,
"Triazole alanine (TA)","ADW",,,,,,,,,,,,,,2,2,1,3,4,,,,,,,,,
"Triazophos","536",10,11,10,10,9,12,18,15,8,4,,,,,,,,,,,,,,,,,
"Tribenuron methyl","ACS",5,6,5,4,4,5,7,,,,,,,,,,,,,,,,,,,,
"Trichlorfon","130",13,15,13,10,9,8,7,4,3,2,1,,,,,,,,,,,,,,,,
"Trichloronate","569",5,6,5,2,,,,,,,,,,,,,,,,,,,,,,,
"Triclopyr","731",,,1,3,4,5,7,3,3,3,3,4,6,2,2,2,2,1,1,1,,,,1,1,,
"Tricyclazole","804",5,6,5,4,4,5,4,,,,,,,,,,,,,,,,,,,,
"Tridemorph","795",1,1,,,,,,,,,,,,,,,,,,,,,,,,,
"Tridiphane","796",,,,,,,,,,,1,3,1,,,,,,,,,,,,,,
"Trifloxystrobin","B79",19,24,21,20,22,20,26,20,20,21,24,21,27,21,20,10,2,1,,,,,,,,,
"Trifloxysulfuron","AJG",10,13,11,10,9,5,4,4,3,2,1,,,,,,,,,,,,,,,,
"Triflumezopyrim","G00",5,6,2,,,,,,,,,,,,,,,,,,,,,,,,
"Triflumizole","A61",18,22,18,17,19,17,17,15,13,14,16,15,20,10,11,11,8,4,2,4,2,,,,,,
"Trifluralin","151",17,23,21,21,20,19,26,25,22,23,26,23,30,23,24,20,21,17,17,18,20,16,16,14,15,12,13
"Triforine","915",4,4,3,8,7,8,8,4,1,,,,4,4,4,3,4,1,,,,,,,,,
"Triticonazole","ADR",11,14,12,11,8,8,11,12,6,3,7,7,6,5,3,1,3,6,,,,,,,,,
"Uniconazole","AJJ",7,7,5,4,4,5,8,7,8,9,,,,,,,,,,,,,,,,,
"Valifenalate","F49",3,,,,,,,,,,,,,,,,,,,,,,,,,,
"Vamidothion","C44",5,2,,,,,,,,,,,,,,,,,,,,,,,,,
"Vernolate","201",7,9,4,4,2,3,2,3,3,2,3,2,1,,,2,4,4,11,14,1,,,,,,
"Vinclozolin","529",16,19,16,17,17,17,22,19,16,18,19,19,22,13,16,18,18,13,16,18,19,15,16,13,14,11,13
"Vinclozolin metabolite E","A66",,,,,,,,,,,,,,,,,,,,,,,3,,,,
"Zoxamide","B44",10,12,10,9,7,6,9,7,2,1,,1,2,3,3,3,3,2,,,,,,,,,